{
  "artistCandidates": {
    "artist": 1887,
    "albumartist": 1886,
    "artistsort": 1657,
    "albumartistsort": 1287,
    "artistPercent": 99.4204425711275,
    "albumartistPercent": 99.36775553213909,
    "artistsortPercent": 87.30242360379347,
    "albumartistsortPercent": 67.8082191780822
  },
  "albumCandidates": {
    "album": 1890,
    "albumsort": 1006,
    "albumPercent": 99.57850368809274,
    "albumsortPercent": 53.0031612223393
  },
  "trackCandidates": {
    "track": 1890,
    "tracksort": 1006,
    "trackPercent": 99.57850368809274,
    "tracksortPercent": 53.0031612223393
  },
  "meta": {
    "releaseyear": 941,
    "releaseyearPercent": 49.57850368809273
  },
  "length": 1898
}